fips,name,type,category,year,actualization,bf_per_capita,velocity,newness,index
1,Alabama,Total,Total,2005,0.204771751,0.140859402,1.171630654,,1.037311139
1,Alabama,Total,Total,2006,0.170334844,0.125059921,1.194259547,0.087600894,0.981797451
1,Alabama,Total,Total,2007,0.150445349,0.109162736,1.245212787,0.075280702,0.939951105
1,Alabama,Total,Total,2008,0.12471277,0.083972595,1.299593434,0.065142717,0.887913158
1,Alabama,Total,Total,2009,0.121516844,0.075431836,1.386807917,0.053535056,0.862966886
1,Alabama,Total,Total,2010,0.122041518,0.077150739,1.482174384,0.051971068,0.841386556
1,Alabama,Total,Total,2011,0.121996997,0.074493615,1.539182988,0.053154736,0.827652021
1,Alabama,Total,Total,2012,0.115823165,0.072140723,1.545934889,0.052869268,0.816937698
1,Alabama,Total,Total,2013,0.115026573,0.070350787,1.665317203,0.050792054,0.786683542
1,Alabama,Total,Total,2014,0.119544787,0.072245874,1.706380052,0.049705351,0.782774695
1,Alabama,Total,Total,2015,0.112039976,0.073469601,1.761983146,0.053855732,0.758183771
1,Alabama,Total,Total,2016,0.101628477,0.072498856,1.764541063,0.052199698,0.742914243
1,Alabama,Total,Total,2017,0.101707759,0.077095308,,0.051882784,
1,Alabama,Total,Total,2018,0.09580511,0.082472649,,0.055942722,
1,Alabama,Total,Total,2019,0.095028426,0.080111193,,,
1,Alabama,Total,Total,2020,0.079172996,,,,
2,Alaska,Total,Total,2005,,,,,
2,Alaska,Total,Total,2006,,,,,
2,Alaska,Total,Total,2007,,,,,
2,Alaska,Total,Total,2008,,,,,
2,Alaska,Total,Total,2009,,,,,
2,Alaska,Total,Total,2010,,,,,
2,Alaska,Total,Total,2011,,,,,
2,Alaska,Total,Total,2012,,,,,
2,Alaska,Total,Total,2013,,,,,
2,Alaska,Total,Total,2014,,,,,
2,Alaska,Total,Total,2015,,,,,
2,Alaska,Total,Total,2016,,,,,
2,Alaska,Total,Total,2017,0.135406764,0.134784372,,,
2,Alaska,Total,Total,2018,0.120684021,0.150719796,,0.074517347,
2,Alaska,Total,Total,2019,0.127651747,0.142301567,,,
2,Alaska,Total,Total,2020,0.123755514,,,,
4,Arizona,Total,Total,2005,0.217279637,0.212978866,1.56805272,,0.949061198
4,Arizona,Total,Total,2006,0.177163986,0.185963473,1.639542658,0.134063636,0.877975183
4,Arizona,Total,Total,2007,0.145154107,0.153250468,1.636312672,0.109752835,0.836142467
4,Arizona,Total,Total,2008,0.112203204,0.111060477,1.693806794,0.091559683,0.775578137
4,Arizona,Total,Total,2009,0.108113635,0.100013337,1.865794702,0.072679893,0.725988594
4,Arizona,Total,Total,2010,0.109352543,0.099747595,1.805780908,0.072046305,0.743256755
4,Arizona,Total,Total,2011,0.106603078,0.096004059,1.849969414,0.07290727,0.728066725
4,Arizona,Total,Total,2012,0.107720476,0.091548744,1.844645774,0.069747306,0.730973597
4,Arizona,Total,Total,2013,0.109796422,0.092615989,1.955435597,0.068065252,0.704303464
4,Arizona,Total,Total,2014,0.110703024,0.091807145,2.03771137,0.068587336,0.682716943
4,Arizona,Total,Total,2015,0.110706924,0.093576913,2.134879461,0.069306822,0.654814654
4,Arizona,Total,Total,2016,0.106003132,0.094610746,2.132912607,0.068865997,0.649679958
4,Arizona,Total,Total,2017,0.105294092,0.101731855,,0.071655729,
4,Arizona,Total,Total,2018,0.101751629,0.104931193,,0.076244737,
4,Arizona,Total,Total,2019,0.10222815,0.107409039,,,
4,Arizona,Total,Total,2020,0.094072585,,,,
5,Arkansas,Total,Total,2005,0.222377985,0.154003978,1.141520318,,1.069687205
5,Arkansas,Total,Total,2006,0.190261806,0.137786297,1.322886943,0.090275022,0.978824171
5,Arkansas,Total,Total,2007,0.177644509,0.123742826,1.253472577,0.076849403,0.97819694
5,Arkansas,Total,Total,2008,0.153712925,0.098797935,1.279707644,0.070520792,0.936719369
5,Arkansas,Total,Total,2009,0.144128704,0.089994522,1.411923963,0.059699251,0.890850248
5,Arkansas,Total,Total,2010,0.14465793,0.089152365,1.480860215,0.055542307,0.874754249
5,Arkansas,Total,Total,2011,0.142912257,0.088177274,1.498056305,0.057983065,0.868000551
5,Arkansas,Total,Total,2012,0.142738543,0.087359645,1.434667961,0.055864698,0.883301396
5,Arkansas,Total,Total,2013,0.144694352,0.086301277,1.484082353,0.056804448,0.87400995
5,Arkansas,Total,Total,2014,0.141597283,0.087113533,1.715792329,0.056103793,0.810545188
5,Arkansas,Total,Total,2015,0.138199564,0.089387411,1.694077415,0.057458588,0.811651821
5,Arkansas,Total,Total,2016,0.126089905,0.087059244,1.751278398,0.059996934,0.780280537
5,Arkansas,Total,Total,2017,0.120889042,0.093691328,,0.055996155,
5,Arkansas,Total,Total,2018,0.11568323,0.099012105,,0.062678684,
5,Arkansas,Total,Total,2019,0.11337404,0.09536736,,,
5,Arkansas,Total,Total,2020,0.099712724,,,,
6,California,Total,Total,2005,0.261502385,0.200137083,1.396107727,,1.053086729
6,California,Total,Total,2006,0.217362086,0.173297937,1.483516098,0.11342413,0.972710635
6,California,Total,Total,2007,0.191504847,0.152431796,1.482393783,0.094883201,0.939124582
6,California,Total,Total,2008,0.17291307,0.126129863,1.551571549,0.08462713,0.895924817
6,California,Total,Total,2009,0.16720641,0.11370834,1.698191487,0.073321524,0.849042608
6,California,Total,Total,2010,0.163985821,0.113669791,1.727741449,0.068921588,0.836781372
6,California,Total,Total,2011,0.163697583,0.118578464,1.733358726,0.071985474,0.83486592
6,California,Total,Total,2012,0.166275266,0.118662514,1.741147315,0.071715951,0.83602633
6,California,Total,Total,2013,0.170588403,0.125133338,1.876260353,0.074152342,0.802994389
6,California,Total,Total,2014,0.164935427,0.124115954,1.942320606,0.079279291,0.776744701
6,California,Total,Total,2015,0.165114415,0.130191535,1.991334609,0.077282289,0.7622706
6,California,Total,Total,2016,0.158279239,0.127558533,1.994879181,0.077615578,0.753162171
6,California,Total,Total,2017,0.155756008,0.129903334,,0.076067855,
6,California,Total,Total,2018,0.153629063,0.142913661,,0.079152206,
6,California,Total,Total,2019,0.145718506,0.135828855,,,
6,California,Total,Total,2020,0.130836746,,,,
8,Colorado,Total,Total,2005,0.221582913,0.268551398,1.460598971,,0.984450818
8,Colorado,Total,Total,2006,0.18836994,0.237097396,1.535908969,0.110650635,0.920678847
8,Colorado,Total,Total,2007,0.163869035,0.209518663,1.520754173,0.095741643,0.891660837
8,Colorado,Total,Total,2008,0.13899777,0.168250599,1.550695642,0.087938732,0.849334056
8,Colorado,Total,Total,2009,0.134938703,0.160934959,1.725258825,0.072968674,0.799083494
8,Colorado,Total,Total,2010,0.123025634,0.150613718,1.788598266,0.074667541,0.76637905
8,Colorado,Total,Total,2011,0.12285275,0.143562682,1.806411477,0.070650439,0.761465044
8,Colorado,Total,Total,2012,0.123450531,0.145378648,1.727012987,0.06778699,0.782935213
8,Colorado,Total,Total,2013,0.122838831,0.149135468,1.942826558,0.07032963,0.724604435
8,Colorado,Total,Total,2014,0.123232792,0.158688593,1.979910356,0.07164335,0.714757338
8,Colorado,Total,Total,2015,0.121166408,0.160623841,2.113706966,0.077388257,0.673627966
8,Colorado,Total,Total,2016,0.113979891,0.155328869,2.128599534,0.074098355,0.6606066
8,Colorado,Total,Total,2017,0.112942052,0.162191492,,0.074241873,
8,Colorado,Total,Total,2018,0.109665111,0.169680426,,0.077216801,
8,Colorado,Total,Total,2019,0.104198204,0.156579499,,,
8,Colorado,Total,Total,2020,0.09636481,,,,
9,Connecticut,Total,Total,2005,0.157633401,0.128544527,1.458597737,,0.89876533
9,Connecticut,Total,Total,2006,0.133530578,0.11676039,1.598945446,0.063735092,0.829516847
9,Connecticut,Total,Total,2007,0.121301972,0.103224307,1.551788462,0.057271343,0.823583677
9,Connecticut,Total,Total,2008,0.107153086,0.084414986,1.609144385,0.051704654,0.788969419
9,Connecticut,Total,Total,2009,0.108042895,0.079201372,1.689595314,0.043696794,0.770676282
9,Connecticut,Total,Total,2010,0.110673881,0.081724136,1.768747862,0.044101603,0.754560422
9,Connecticut,Total,Total,2011,0.112955543,0.082490707,1.748225152,0.044801919,0.762957202
9,Connecticut,Total,Total,2012,0.108766354,0.081874016,1.714152226,0.047015574,0.765621913
9,Connecticut,Total,Total,2013,0.108813018,0.079614091,1.879376751,0.044877183,0.723361177
9,Connecticut,Total,Total,2014,0.106203436,0.077729346,2.042604017,0.044523167,0.675660361
9,Connecticut,Total,Total,2015,0.108659387,0.07989692,1.959102027,0.043455793,0.701824624
9,Connecticut,Total,Total,2016,0.094939431,0.074032857,2.064102952,0.043799464,0.655322618
9,Connecticut,Total,Total,2017,0.094562804,0.079870215,,0.04267948,
9,Connecticut,Total,Total,2018,0.089447118,0.085341815,,0.046032449,
9,Connecticut,Total,Total,2019,0.091228284,0.08380812,,,
9,Connecticut,Total,Total,2020,0.081937686,,,,
10,Delaware,Total,Total,2005,0.141844592,0.191800272,1.646808642,,0.828894197
10,Delaware,Total,Total,2006,0.120698511,0.164093158,1.724098011,0.087946818,0.779874758
10,Delaware,Total,Total,2007,,,,0.074229306,
10,Delaware,Total,Total,2008,,,,,
10,Delaware,Total,Total,2009,,,,,
10,Delaware,Total,Total,2010,,,,,
10,Delaware,Total,Total,2011,,,,,
10,Delaware,Total,Total,2012,,,,,
10,Delaware,Total,Total,2013,0.075031686,0.128197355,2.079814032,,0.625075249
10,Delaware,Total,Total,2014,0.077838937,0.139519371,2.229861218,0.069540297,0.587135094
10,Delaware,Total,Total,2015,0.080179602,0.146082027,2.153868613,0.077946108,0.611571626
10,Delaware,Total,Total,2016,0.073322538,0.152699751,2.203148789,0.07668002,0.589098999
10,Delaware,Total,Total,2017,0.06773734,0.163980172,,0.084507833,
10,Delaware,Total,Total,2018,0.064579776,0.176285554,,0.087668807,
10,Delaware,Total,Total,2019,0.066720598,0.177866506,,,
10,Delaware,Total,Total,2020,0.065229373,,,,
11,District of Columbia,Total,Total,2005,,,,,
11,District of Columbia,Total,Total,2006,,,,,
11,District of Columbia,Total,Total,2007,,,,,
11,District of Columbia,Total,Total,2008,,,,,
11,District of Columbia,Total,Total,2009,,,,,
11,District of Columbia,Total,Total,2010,,,,,
11,District of Columbia,Total,Total,2011,,,,,
11,District of Columbia,Total,Total,2012,,,,,
11,District of Columbia,Total,Total,2013,,,,,
11,District of Columbia,Total,Total,2014,,,,,
11,District of Columbia,Total,Total,2015,,,,,
11,District of Columbia,Total,Total,2016,,,,,
11,District of Columbia,Total,Total,2017,0.07559496,0.116562528,,,
11,District of Columbia,Total,Total,2018,0.06988255,0.11873759,,0.047838958,
11,District of Columbia,Total,Total,2019,0.068281938,0.118597405,,,
11,District of Columbia,Total,Total,2020,0.057131057,,,,
12,Florida,Total,Total,2005,0.164981966,0.262268245,1.811919525,,0.814580879
12,Florida,Total,Total,2006,0.135457838,0.216194317,1.870706458,0.123036224,0.760711397
12,Florida,Total,Total,2007,0.117482826,0.179607381,1.828225048,0.099392776,0.748495749
12,Florida,Total,Total,2008,0.107179295,0.146853522,1.949288369,0.087692849,0.702544425
12,Florida,Total,Total,2009,0.110111411,0.145394937,2.059152317,0.077354286,0.67591917
12,Florida,Total,Total,2010,0.108355419,0.146655412,2.072203279,0.079373859,0.670022818
12,Florida,Total,Total,2011,0.104209269,0.147906626,2.059880677,0.080503406,0.668299332
12,Florida,Total,Total,2012,0.101791875,0.143565424,2.045788672,0.078382362,0.669162542
12,Florida,Total,Total,2013,0.103156664,0.148969429,2.16625991,0.077720322,0.636490371
12,Florida,Total,Total,2014,0.101529635,0.151774338,2.197686391,0.07977783,0.625263921
12,Florida,Total,Total,2015,0.096667923,0.153619355,2.213798857,0.082451366,0.614677368
12,Florida,Total,Total,2016,0.090186133,0.150081425,2.247691135,0.07979336,0.59688028
12,Florida,Total,Total,2017,0.090327645,0.15535013,,0.080479176,
12,Florida,Total,Total,2018,0.087828838,0.162951814,,0.083364148,
12,Florida,Total,Total,2019,0.083828677,0.153321553,,,
12,Florida,Total,Total,2020,0.076407754,,,,
13,Georgia,Total,Total,2005,0.17526615,0.192372284,1.521762996,,0.906932612
13,Georgia,Total,Total,2006,0.145751159,0.175156483,1.574659771,0.109317102,0.852787342
13,Georgia,Total,Total,2007,0.120623441,0.149486823,1.565926906,0.096589173,0.81916183
13,Georgia,Total,Total,2008,0.099431178,0.116046104,1.648144554,0.083230708,0.768209643
13,Georgia,Total,Total,2009,0.092872949,0.104699732,1.805396841,0.070475388,0.720287776
13,Georgia,Total,Total,2010,0.092940551,0.104408199,1.799680347,0.067660473,0.721806782
13,Georgia,Total,Total,2011,0.089680623,0.101893092,1.83007213,0.068936759,0.709598796
13,Georgia,Total,Total,2012,0.089428781,0.100783422,1.837589492,0.066441031,0.707362849
13,Georgia,Total,Total,2013,0.093131484,0.100737239,1.935629548,0.066621054,0.68742951
13,Georgia,Total,Total,2014,0.092183669,0.104953891,2.044602407,0.067899962,0.65710832
13,Georgia,Total,Total,2015,0.087513358,0.105399183,2.084002799,0.070607058,0.640285604
13,Georgia,Total,Total,2016,0.080562708,0.104786597,2.066705336,0.068853956,0.635905297
13,Georgia,Total,Total,2017,0.081645143,0.114050179,,0.069615438,
13,Georgia,Total,Total,2018,0.079151742,0.121299982,,0.075994941,
13,Georgia,Total,Total,2019,0.075491612,0.12260979,,,
13,Georgia,Total,Total,2020,0.062826879,,,,
15,Hawaii,Total,Total,2005,,,,,
15,Hawaii,Total,Total,2006,,,,,
15,Hawaii,Total,Total,2007,,,,,
15,Hawaii,Total,Total,2008,,,,,
15,Hawaii,Total,Total,2009,,,,,
15,Hawaii,Total,Total,2010,,,,,
15,Hawaii,Total,Total,2011,0.096474091,0.075181483,2.038399229,0.04483636,0.664367984
15,Hawaii,Total,Total,2012,,,,0.044720826,
15,Hawaii,Total,Total,2013,,,,,
15,Hawaii,Total,Total,2014,,,,,
15,Hawaii,Total,Total,2015,,,,,
15,Hawaii,Total,Total,2016,,,,,
15,Hawaii,Total,Total,2017,0.089259056,0.07975327,,0.047120191,
15,Hawaii,Total,Total,2018,0.080693326,0.087498671,,0.050607725,
15,Hawaii,Total,Total,2019,0.080784368,0.082634588,,,
15,Hawaii,Total,Total,2020,0.074233563,,,,
16,Idaho,Total,Total,2005,0.294075097,0.313112423,1.209347387,,1.146688693
16,Idaho,Total,Total,2006,0.241830065,0.282160242,1.213886073,0.135817805,1.07756123
16,Idaho,Total,Total,2007,0.192021877,0.214602968,1.237840593,0.108849356,1.002684979
16,Idaho,Total,Total,2008,0.15984646,0.151989155,1.408671239,0.087596967,0.914361432
16,Idaho,Total,Total,2009,0.148666409,0.123710226,1.525660083,0.067859669,0.869270539
16,Idaho,Total,Total,2010,0.147795086,0.12140728,1.595238345,0.059075046,0.850361873
16,Idaho,Total,Total,2011,0.147169245,0.123744405,1.675275792,0.062923524,0.828712676
16,Idaho,Total,Total,2012,0.141938379,0.118972698,1.547997893,0.061460244,0.854172197
16,Idaho,Total,Total,2013,0.157757009,0.130957804,1.628485566,0.062961188,0.855279653
16,Idaho,Total,Total,2014,0.156122151,0.131014915,1.690037366,0.066291608,0.836742143
16,Idaho,Total,Total,2015,0.15782769,0.142575159,1.782599492,0.067637749,0.813739412
16,Idaho,Total,Total,2016,0.148230849,0.153889133,1.899815385,0.072348234,0.76872526
16,Idaho,Total,Total,2017,0.149735007,0.156254093,,0.07591189,
16,Idaho,Total,Total,2018,0.142668834,0.185486045,,0.080495622,
16,Idaho,Total,Total,2019,0.144529617,0.174084323,,,
16,Idaho,Total,Total,2020,0.140328583,,,,
17,Illinois,Total,Total,2005,0.194637651,0.148240633,1.661886167,,0.894151113
17,Illinois,Total,Total,2006,0.175510785,0.136626554,1.693291652,0.081169584,0.861092935
17,Illinois,Total,Total,2007,0.159549465,0.126190683,1.6526737,0.072842045,0.851269012
17,Illinois,Total,Total,2008,0.135084804,0.110966956,1.683236708,0.070296724,0.810212824
17,Illinois,Total,Total,2009,0.137623967,0.10410433,1.881553187,0.060909604,0.760485859
17,Illinois,Total,Total,2010,0.135882856,0.105151644,1.857693504,0.061739067,0.764837525
17,Illinois,Total,Total,2011,0.134077599,0.104441796,1.869878657,0.061025679,0.75916217
17,Illinois,Total,Total,2012,0.139076757,0.104234346,1.831329057,0.060898079,0.776190136
17,Illinois,Total,Total,2013,0.138352397,0.102992378,1.976974359,0.061977153,0.734410125
17,Illinois,Total,Total,2014,0.135915949,0.102712617,2.045581237,0.059834285,0.711444127
17,Illinois,Total,Total,2015,0.133364163,0.103165796,2.032670291,0.061822912,0.712156988
17,Illinois,Total,Total,2016,0.127088477,0.099972489,2.054695074,0.058578516,0.698111276
17,Illinois,Total,Total,2017,0.125997344,0.103186302,,0.057707286,
17,Illinois,Total,Total,2018,0.11836001,0.108684452,,0.060506884,
17,Illinois,Total,Total,2019,0.11195038,0.103978741,,,
17,Illinois,Total,Total,2020,0.090988195,,,,
18,Indiana,Total,Total,2005,0.208985348,0.126986584,1.317776522,,1.005949856
18,Indiana,Total,Total,2006,0.188131634,0.116996483,1.411310215,0.074991972,0.953208335
18,Indiana,Total,Total,2007,0.166028034,0.105273074,1.357421131,0.067933986,0.935896644
18,Indiana,Total,Total,2008,0.124591312,0.083037527,1.495273716,0.062465222,0.842041222
18,Indiana,Total,Total,2009,0.099748907,0.076261839,1.627128632,0.049757138,0.773701926
18,Indiana,Total,Total,2010,0.109174534,0.07643559,1.652322437,0.049626869,0.781462386
18,Indiana,Total,Total,2011,0.111886717,0.07747991,1.68909199,0.050865185,0.776300232
18,Indiana,Total,Total,2012,0.114672493,0.077871387,1.638003937,0.050671185,0.792919353
18,Indiana,Total,Total,2013,0.114975193,0.075144096,1.83701541,0.051807389,0.742805139
18,Indiana,Total,Total,2014,0.113365807,0.072357561,1.855264373,0.049834672,0.735836439
18,Indiana,Total,Total,2015,0.114792603,0.076175523,1.898208748,0.050374147,0.726313963
18,Indiana,Total,Total,2016,0.110808175,0.075350783,1.962613659,0.051131217,0.703663715
18,Indiana,Total,Total,2017,0.109025749,0.079046836,,0.050857601,
18,Indiana,Total,Total,2018,0.103761498,0.08103954,,0.054226975,
18,Indiana,Total,Total,2019,0.101392572,0.081221363,,,
18,Indiana,Total,Total,2020,0.0890184,,,,
19,Iowa,Total,Total,2005,0.251358846,0.152878068,1.114764005,,1.116460289
19,Iowa,Total,Total,2006,0.198614442,0.124956247,1.261934013,0.076457164,1.005947017
19,Iowa,Total,Total,2007,,,,0.061015786,
19,Iowa,Total,Total,2008,0.164335664,0.096594529,1.249749571,,0.959638364
19,Iowa,Total,Total,2009,,,,,
19,Iowa,Total,Total,2010,0.150122277,0.088535751,1.464295775,0.047863945,0.886674597
19,Iowa,Total,Total,2011,0.142369576,0.085704893,1.482684692,0.047276887,0.871017494
19,Iowa,Total,Total,2012,0.142104119,0.085007753,1.486641163,0.047136548,0.869661025
19,Iowa,Total,Total,2013,0.141937632,0.082702958,1.647707927,0.045935888,0.828789392
19,Iowa,Total,Total,2014,0.139415482,0.079469986,1.656864407,0.047228074,0.822964728
19,Iowa,Total,Total,2015,0.141660481,0.085614683,1.77309186,0.044515759,0.795359031
19,Iowa,Total,Total,2016,0.132409392,0.084819078,1.863009016,0.047621598,0.758888733
19,Iowa,Total,Total,2017,0.123832599,0.089478124,,0.0471207,
19,Iowa,Total,Total,2018,0.123312331,0.095724537,,0.052402445,
19,Iowa,Total,Total,2019,0.1226544,0.085354683,,,
19,Iowa,Total,Total,2020,0.114045821,,,,
20,Kansas,Total,Total,2005,0.244467806,0.169416883,1.143775247,,1.0995348
20,Kansas,Total,Total,2006,0.198330704,0.141045868,1.225998974,0.082682549,1.014591675
20,Kansas,Total,Total,2007,0.184162256,0.126231013,1.304990043,0.066227188,0.974765305
20,Kansas,Total,Total,2008,0.164516129,0.107155219,1.272625457,0.062475028,0.954403196
20,Kansas,Total,Total,2009,,,,0.054254691,
20,Kansas,Total,Total,2010,0.145605551,0.096914481,1.493782028,,0.872908544
20,Kansas,Total,Total,2011,0.143269816,0.098528348,1.567975221,0.052049274,0.851015563
20,Kansas,Total,Total,2012,0.136909609,0.093232596,1.575314477,0.054017543,0.840217222
20,Kansas,Total,Total,2013,0.142570797,0.095879597,1.59165465,0.051098806,0.844034643
20,Kansas,Total,Total,2014,0.14471657,0.093915652,1.703274596,0.053551307,0.818035632
20,Kansas,Total,Total,2015,0.140769797,0.098693336,1.690267919,0.052435601,0.8161346
20,Kansas,Total,Total,2016,0.127620741,0.093684169,1.739775818,0.054168092,0.785357156
20,Kansas,Total,Total,2017,0.126174191,0.095127819,,0.052581207,
20,Kansas,Total,Total,2018,0.121062308,0.101773776,,0.054224173,
20,Kansas,Total,Total,2019,0.124610176,0.096007502,,,
20,Kansas,Total,Total,2020,0.114824265,,,,
21,Kentucky,Total,Total,2005,0.20505607,0.125467935,1.244870476,,1.019276469
21,Kentucky,Total,Total,2006,0.179357674,0.11025685,1.303813414,0.079452429,0.968237134
21,Kentucky,Total,Total,2007,0.164000955,0.096836214,1.338393984,0.066461221,0.937661395
21,Kentucky,Total,Total,2008,0.13917609,0.080328625,1.326201393,0.061891613,0.903932733
21,Kentucky,Total,Total,2009,0.141473524,0.077483036,1.444409567,0.051480904,0.879089318
21,Kentucky,Total,Total,2010,0.13679605,0.078377602,1.524964789,0.055405341,0.852583476
21,Kentucky,Total,Total,2011,0.134795111,0.077234285,1.51901037,0.055054795,0.851172453
21,Kentucky,Total,Total,2012,0.138682654,0.079633481,1.528215922,0.053677222,0.854479823
21,Kentucky,Total,Total,2013,0.141342756,0.08082351,1.593578859,0.058012571,0.841833591
21,Kentucky,Total,Total,2014,0.126734579,0.071584734,1.713925293,0.056632563,0.790825833
21,Kentucky,Total,Total,2015,0.129677775,0.074379075,1.761449407,0.049876273,0.782485142
21,Kentucky,Total,Total,2016,0.118545934,0.072890206,1.817655428,0.053794521,0.752706632
21,Kentucky,Total,Total,2017,0.110096828,0.075848983,,0.052581355,
21,Kentucky,Total,Total,2018,0.102990229,0.078208481,,0.056108597,
21,Kentucky,Total,Total,2019,0.104837243,0.077422855,,,
21,Kentucky,Total,Total,2020,0.093365436,,,,
22,Louisiana,Total,Total,2005,0.161683065,0.128544422,1.438048615,,0.909639859
22,Louisiana,Total,Total,2006,0.141971722,0.136287626,1.554722033,0.082845165,0.852531303
22,Louisiana,Total,Total,2007,0.124686465,0.11360777,1.577196299,0.074614696,0.822299707
22,Louisiana,Total,Total,2008,0.109310586,0.095049448,1.571014458,0.063846277,0.801289643
22,Louisiana,Total,Total,2009,0.103437042,0.0848241,1.696442636,0.055208305,0.762358106
22,Louisiana,Total,Total,2010,0.097019038,0.085223297,1.766094476,0.050968744,0.73596494
22,Louisiana,Total,Total,2011,0.099311944,0.088009835,1.764237752,0.053586687,0.739697922
22,Louisiana,Total,Total,2012,0.096956146,0.082938996,1.799900393,0.053541754,0.727450588
22,Louisiana,Total,Total,2013,0.094963809,0.080570402,1.827279313,0.050867833,0.717760607
22,Louisiana,Total,Total,2014,0.09589635,0.080964459,1.877639851,0.049962221,0.706238681
22,Louisiana,Total,Total,2015,0.084604932,0.081421284,2.007165479,0.052137953,0.657137643
22,Louisiana,Total,Total,2016,0.071978453,0.076547599,2.01258191,0.050194042,0.638582895
22,Louisiana,Total,Total,2017,0.077845108,0.087741085,,0.050842167,
22,Louisiana,Total,Total,2018,0.075720134,0.08811745,,0.055335217,
22,Louisiana,Total,Total,2019,0.069649071,0.080945725,,,
22,Louisiana,Total,Total,2020,0.05811138,,,,
23,Maine,Total,Total,2005,,,,,
23,Maine,Total,Total,2006,0.241932014,0.169912943,1.285082259,,1.058698451
23,Maine,Total,Total,2007,,,,0.069718975,
23,Maine,Total,Total,2008,,,,,
23,Maine,Total,Total,2009,,,,,
23,Maine,Total,Total,2010,,,,,
23,Maine,Total,Total,2011,,,,,
23,Maine,Total,Total,2012,,,,,
23,Maine,Total,Total,2013,,,,,
23,Maine,Total,Total,2014,,,,,
23,Maine,Total,Total,2015,,,,,
23,Maine,Total,Total,2016,0.192717364,0.116876747,1.755848935,0.056046488,0.86496544
23,Maine,Total,Total,2017,0.185373573,0.122882156,,0.053110722,
23,Maine,Total,Total,2018,0.168468303,0.137335453,,0.05771991,
23,Maine,Total,Total,2019,0.173926134,0.128923116,,,
23,Maine,Total,Total,2020,0.164275534,,,,
24,Maryland,Total,Total,2005,0.163116295,0.159788884,1.544916601,,0.884384898
24,Maryland,Total,Total,2006,0.131707234,0.13683131,1.651263965,0.086335538,0.813740755
24,Maryland,Total,Total,2007,0.111710822,0.116053892,1.696089607,0.07180791,0.774309122
24,Maryland,Total,Total,2008,0.096463669,0.092894152,1.705214759,0.06329076,0.750089042
24,Maryland,Total,Total,2009,0.099669726,0.08584061,1.861965048,0.050794239,0.715467538
24,Maryland,Total,Total,2010,0.094711426,0.084026573,1.968621683,0.051473198,0.68086614
24,Maryland,Total,Total,2011,0.094239936,0.084306333,1.952776423,0.052008087,0.684425989
24,Maryland,Total,Total,2012,0.093832928,0.085289737,1.87420287,0.051218621,0.704269102
24,Maryland,Total,Total,2013,0.093762611,0.090221685,2.032824785,0.053616649,0.662368863
24,Maryland,Total,Total,2014,0.090470933,0.08665024,2.137021318,0.054548669,0.629293905
24,Maryland,Total,Total,2015,0.088921013,0.088379337,2.235094518,0.054465055,0.599096957
24,Maryland,Total,Total,2016,0.08195802,0.085202812,2.216906067,0.053605518,0.595934354
24,Maryland,Total,Total,2017,0.080543065,0.091884484,,0.053387059,
24,Maryland,Total,Total,2018,0.076697106,0.095596244,,0.057458688,
24,Maryland,Total,Total,2019,0.075494641,0.094480687,,,
24,Maryland,Total,Total,2020,0.066091102,,,,
25,Massachusetts,Total,Total,2005,0.202793355,0.149657442,1.400451842,,0.97592076
25,Massachusetts,Total,Total,2006,0.172059886,0.129982696,1.463661025,0.072914965,0.917627732
25,Massachusetts,Total,Total,2007,0.161449331,0.117638663,1.441890034,0.063669768,0.908345866
25,Massachusetts,Total,Total,2008,0.151906932,0.101530894,1.562084348,0.05803089,0.864543809
25,Massachusetts,Total,Total,2009,0.144544934,0.096860614,1.676823585,0.051581417,0.824763814
25,Massachusetts,Total,Total,2010,0.13879334,0.100162846,1.788757802,0.053302089,0.787368411
25,Massachusetts,Total,Total,2011,0.13754892,0.097783607,1.813661558,0.053627031,0.779009681
25,Massachusetts,Total,Total,2012,0.144446089,0.10252131,1.777781365,0.053424646,0.797749901
25,Massachusetts,Total,Total,2013,0.142943343,0.102333944,1.87971716,0.055771546,0.767757779
25,Massachusetts,Total,Total,2014,0.139752632,0.101085441,1.933589029,0.055089404,0.748557785
25,Massachusetts,Total,Total,2015,0.145160008,0.107488297,1.947368566,0.055583713,0.751311318
25,Massachusetts,Total,Total,2016,0.139062108,0.105559991,1.962376513,0.059189416,0.739482272
25,Massachusetts,Total,Total,2017,0.13398023,0.107685528,,0.056562385,
25,Massachusetts,Total,Total,2018,0.134368056,0.115973025,,0.058989754,
25,Massachusetts,Total,Total,2019,0.131147541,0.108871915,,,
25,Massachusetts,Total,Total,2020,0.120598463,,,,
26,Michigan,Total,Total,2005,0.176455978,0.134293265,1.389834049,,0.942558098
26,Michigan,Total,Total,2006,0.14711525,0.11537372,1.557954388,0.079013895,0.858933231
26,Michigan,Total,Total,2007,0.126764094,0.101127015,1.536554929,0.067619504,0.835249913
26,Michigan,Total,Total,2008,0.109548117,0.08479033,1.591595921,0.059945013,0.796717086
26,Michigan,Total,Total,2009,0.106356522,0.079472077,1.764872903,0.053275126,0.749504223
26,Michigan,Total,Total,2010,0.105189524,0.081447652,1.75687096,0.052197313,0.749873328
26,Michigan,Total,Total,2011,0.104853986,0.080658447,1.766780108,0.052798716,0.746910375
26,Michigan,Total,Total,2012,0.102890328,0.077870942,1.772653406,0.051958164,0.742666415
26,Michigan,Total,Total,2013,0.10821432,0.079723073,1.901048295,0.051393222,0.716825673
26,Michigan,Total,Total,2014,0.108191844,0.079830024,1.976564239,0.051717757,0.696459567
26,Michigan,Total,Total,2015,0.104237727,0.079079998,1.972849682,0.053548166,0.692319937
26,Michigan,Total,Total,2016,0.096569234,0.077593537,2.04456835,0.050358962,0.662798671
26,Michigan,Total,Total,2017,0.094504069,0.080346018,,0.050669678,
26,Michigan,Total,Total,2018,0.090322512,0.085386003,,0.053437402,
26,Michigan,Total,Total,2019,0.085924939,0.081336901,,,
26,Michigan,Total,Total,2020,0.071302504,,,,
27,Minnesota,Total,Total,2005,0.236671749,0.184955928,1.383818528,,1.025003124
27,Minnesota,Total,Total,2006,0.192646362,0.149567498,1.449834175,0.087934348,0.949265408
27,Minnesota,Total,Total,2007,0.170420771,0.133238516,1.491006489,0.070377189,0.908333558
27,Minnesota,Total,Total,2008,0.147323373,0.109566996,1.522605671,0.06302731,0.868146943
27,Minnesota,Total,Total,2009,0.128321875,0.107797409,1.743993683,0.058387332,0.785214591
27,Minnesota,Total,Total,2010,0.130372815,0.098176781,1.738186697,0.053106073,0.789515619
27,Minnesota,Total,Total,2011,0.128304204,0.093787241,1.733210369,0.052132607,0.787994617
27,Minnesota,Total,Total,2012,0.129545227,0.096212451,1.692874275,0.049905904,0.800110569
27,Minnesota,Total,Total,2013,0.133596536,0.096887787,1.789055704,0.050992883,0.780419954
27,Minnesota,Total,Total,2014,0.134947741,0.096402932,1.859862805,0.052120552,0.763034765
27,Minnesota,Total,Total,2015,0.137905901,0.100090623,1.925722354,0.053571604,0.748475729
27,Minnesota,Total,Total,2016,0.131603106,0.096039215,1.902337295,0.052690113,0.747029803
27,Minnesota,Total,Total,2017,0.126993232,0.099438938,,0.051535461,
27,Minnesota,Total,Total,2018,0.121370475,0.102742493,,0.054952895,
27,Minnesota,Total,Total,2019,0.120740548,0.098641188,,,
27,Minnesota,Total,Total,2020,0.113484142,,,,
28,Mississippi,Total,Total,2005,0.188050633,0.127807049,1.186890939,,1.009556129
28,Mississippi,Total,Total,2006,,,,0.088441493,
28,Mississippi,Total,Total,2007,0.136398125,0.10435911,1.290019621,,0.908148076
28,Mississippi,Total,Total,2008,0.113833838,0.079109684,1.362280326,0.065553849,0.856705531
28,Mississippi,Total,Total,2009,0.10704154,0.071414714,1.483059102,0.052647617,0.818531375
28,Mississippi,Total,Total,2010,0.111016567,0.074666358,1.460256526,0.051450686,0.829893322
28,Mississippi,Total,Total,2011,0.102390903,0.07073482,1.477489342,0.052150989,0.812659238
28,Mississippi,Total,Total,2012,0.1058695,0.071452127,1.499179174,0.050553648,0.813003687
28,Mississippi,Total,Total,2013,,,,0.052617489,
28,Mississippi,Total,Total,2014,0.101379893,0.072229497,1.640027855,,0.773035272
28,Mississippi,Total,Total,2015,0.094196293,0.072612383,1.801230982,0.053970739,0.723207122
28,Mississippi,Total,Total,2016,0.085262609,0.07111928,1.758462989,0.05157411,0.720804949
28,Mississippi,Total,Total,2017,0.08010972,0.076225276,,0.05362923,
28,Mississippi,Total,Total,2018,0.075196372,0.076752253,,0.055771215,
28,Mississippi,Total,Total,2019,0.074122569,0.077986687,,,
28,Mississippi,Total,Total,2020,0.061123305,,,,
29,Missouri,Total,Total,2005,0.233926948,0.182166727,1.150161566,,1.083480047
29,Missouri,Total,Total,2006,0.199350882,0.161894219,1.138315745,0.096500018,1.037796936
29,Missouri,Total,Total,2007,0.171602408,0.133653508,1.162029961,0.081537166,0.991354288
29,Missouri,Total,Total,2008,0.151488576,0.110805082,1.222592762,0.069525279,0.946821186
29,Missouri,Total,Total,2009,0.147561063,0.103068433,1.410811382,0.060566631,0.896128194
29,Missouri,Total,Total,2010,0.152639448,0.110674262,1.370382242,0.059671695,0.913358251
29,Missouri,Total,Total,2011,0.149832989,0.109712118,1.376158509,0.066355758,0.907856882
29,Missouri,Total,Total,2012,0.15480688,0.115630406,1.329271371,0.064349594,0.926478299
29,Missouri,Total,Total,2013,0.156415719,0.114257998,1.392547088,0.068623558,0.913420875
29,Missouri,Total,Total,2014,0.158742471,0.114890487,1.429503811,0.065492091,0.907608592
29,Missouri,Total,Total,2015,0.147378584,0.115650691,1.499736317,0.066009267,0.873949705
29,Missouri,Total,Total,2016,0.131346217,0.111990288,1.571216395,0.062178427,0.833334841
29,Missouri,Total,Total,2017,0.128852709,0.116380941,,0.063059871,
29,Missouri,Total,Total,2018,0.120785992,0.11617834,,0.069002358,
29,Missouri,Total,Total,2019,0.115723206,0.110518608,,,
29,Missouri,Total,Total,2020,0.102614135,,,,
30,Montana,Total,Total,2005,0.261738438,0.314859451,1.154652262,,1.119842579
30,Montana,Total,Total,2006,0.228611135,0.27626977,1.253054711,0.109976377,1.049468098
30,Montana,Total,Total,2007,,,,0.08728109,
30,Montana,Total,Total,2008,,,,,
30,Montana,Total,Total,2009,,,,,
30,Montana,Total,Total,2010,,,,,
30,Montana,Total,Total,2011,,,,,
30,Montana,Total,Total,2012,,,,,
30,Montana,Total,Total,2013,0.160201667,0.15361559,1.620012837,,0.860798361
30,Montana,Total,Total,2014,0.163870968,0.161566698,1.72829697,0.056570353,0.83648064
30,Montana,Total,Total,2015,0.160206476,0.165651763,1.777359813,0.061792642,0.818231412
30,Montana,Total,Total,2016,,,,0.061838541,
30,Montana,Total,Total,2017,0.142494472,0.165323492,,,
30,Montana,Total,Total,2018,0.125568403,0.182244158,,0.063639282,
30,Montana,Total,Total,2019,0.128354809,0.168697335,,,
30,Montana,Total,Total,2020,0.123801809,,,,
31,Nebraska,Total,Total,2005,0.276778301,0.170309685,1.130900506,,1.146056234
31,Nebraska,Total,Total,2006,,,,0.079510299,
31,Nebraska,Total,Total,2007,0.213409132,0.132608891,1.283247863,,1.020953039
31,Nebraska,Total,Total,2008,,,,,
31,Nebraska,Total,Total,2009,,,,0.053176685,
31,Nebraska,Total,Total,2010,0.175250227,0.105272248,1.458994238,,0.923223492
31,Nebraska,Total,Total,2011,0.170515552,0.108710297,1.564482412,0.053198944,0.889299103
31,Nebraska,Total,Total,2012,0.168454672,0.110991025,1.507484246,0.053734135,0.901380812
31,Nebraska,Total,Total,2013,0.163508482,0.105935895,1.555537525,0.054264395,0.88216221
31,Nebraska,Total,Total,2014,0.163001294,0.107272786,1.686872549,0.051519155,0.846644047
31,Nebraska,Total,Total,2015,0.167770076,0.113891302,1.771325527,0.05549439,0.829521127
31,Nebraska,Total,Total,2016,0.165696094,0.111984786,1.705460526,0.055062259,0.845098067
31,Nebraska,Total,Total,2017,0.151154082,0.115869593,,0.055351028,
31,Nebraska,Total,Total,2018,0.139445862,0.119182765,,0.057615928,
31,Nebraska,Total,Total,2019,0.149238579,0.113988362,,,
31,Nebraska,Total,Total,2020,0.136340598,,,,
32,Nevada,Total,Total,2005,0.142442914,0.25853743,1.707474555,,0.813875137
32,Nevada,Total,Total,2006,0.123211036,0.217389753,1.796925041,0.147691729,0.764444138
32,Nevada,Total,Total,2007,0.110728244,0.184077949,1.738836189,0.119326652,0.762211937
32,Nevada,Total,Total,2008,0.090236549,0.146629334,1.815383033,0.10654733,0.714049458
32,Nevada,Total,Total,2009,0.094231534,0.132344259,1.908722925,0.090239278,0.695929553
32,Nevada,Total,Total,2010,0.102415088,0.138247228,1.901350121,0.086769231,0.708965061
32,Nevada,Total,Total,2011,0.094721564,0.137131229,1.981745562,0.094312189,0.677386837
32,Nevada,Total,Total,2012,0.0996892,0.140269884,1.918953942,0.089324991,0.700663833
32,Nevada,Total,Total,2013,0.101663818,0.145714831,2.111129272,0.094406522,0.650612569
32,Nevada,Total,Total,2014,0.096855529,0.141785928,2.129962415,0.096122608,0.639268276
32,Nevada,Total,Total,2015,0.101402587,0.142730627,2.096310774,0.093481754,0.65450118
32,Nevada,Total,Total,2016,0.094954901,0.131342494,2.178410752,0.090083643,0.622988293
32,Nevada,Total,Total,2017,0.094084973,0.138017883,,0.084653749,
32,Nevada,Total,Total,2018,0.09587278,0.145176906,,0.090582516,
32,Nevada,Total,Total,2019,0.097278751,0.133467266,,,
32,Nevada,Total,Total,2020,0.091037937,,,,
33,New Hampshire,Total,Total,2005,0.205677059,0.170197429,1.210176311,,1.028925274
33,New Hampshire,Total,Total,2006,,,,,
33,New Hampshire,Total,Total,2007,,,,,
33,New Hampshire,Total,Total,2008,,,,,
33,New Hampshire,Total,Total,2009,,,,,
33,New Hampshire,Total,Total,2010,,,,,
33,New Hampshire,Total,Total,2011,,,,,
33,New Hampshire,Total,Total,2012,,,,,
33,New Hampshire,Total,Total,2013,,,,,
33,New Hampshire,Total,Total,2014,,,,,
33,New Hampshire,Total,Total,2015,,,,0.045934453,
33,New Hampshire,Total,Total,2016,,,,,
33,New Hampshire,Total,Total,2017,0.122928299,0.102833138,,,
33,New Hampshire,Total,Total,2018,0.118841933,0.112821536,,0.052965717,
33,New Hampshire,Total,Total,2019,0.125940702,0.102154061,,,
33,New Hampshire,Total,Total,2020,0.117215794,,,,
34,New Jersey,Total,Total,2005,0.171889958,0.174330159,1.632280434,,0.873049234
34,New Jersey,Total,Total,2006,0.151124017,0.158017862,1.741589515,0.081460903,0.816286601
34,New Jersey,Total,Total,2007,0.130224061,0.139642321,1.712511758,0.071772395,0.795983101
34,New Jersey,Total,Total,2008,0.114736615,0.116093394,1.797819765,0.06476845,0.752703214
34,New Jersey,Total,Total,2009,0.116470784,0.111825549,1.984091374,0.056769892,0.705022209
34,New Jersey,Total,Total,2010,0.11641322,0.115359535,1.98970136,0.057429299,0.70338647
34,New Jersey,Total,Total,2011,0.113127238,0.115607892,1.987519365,0.060740066,0.699803017
34,New Jersey,Total,Total,2012,0.113601323,0.114958357,1.969348018,0.059601874,0.70542768
34,New Jersey,Total,Total,2013,0.114219853,0.1180426,2.057762465,0.059816032,0.681430372
34,New Jersey,Total,Total,2014,0.112601351,0.112797922,2.135876754,0.059732963,0.656805239
34,New Jersey,Total,Total,2015,0.107668016,0.113036284,2.148090146,0.059210835,0.647269043
34,New Jersey,Total,Total,2016,0.103367692,0.111691954,2.148456403,0.058403506,0.641948925
34,New Jersey,Total,Total,2017,0.10014354,0.114635883,,0.057955976,
34,New Jersey,Total,Total,2018,0.097663266,0.120548839,,0.06017212,
34,New Jersey,Total,Total,2019,0.093314615,0.118236606,,,
34,New Jersey,Total,Total,2020,0.082514954,,,,
35,New Mexico,Total,Total,2005,0.269485832,0.161933556,1.252437002,,1.103402819
35,New Mexico,Total,Total,2006,0.220763634,0.149989527,1.354114247,0.095554694,1.0122148
35,New Mexico,Total,Total,2007,0.173531682,0.124266986,1.352296805,0.080691218,0.947873561
35,New Mexico,Total,Total,2008,0.148585777,0.100066545,1.357629482,0.071839592,0.910495863
35,New Mexico,Total,Total,2009,0.141561713,0.082776824,1.593720379,0.057144596,0.842103059
35,New Mexico,Total,Total,2010,,,,0.05194237,
35,New Mexico,Total,Total,2011,0.137774594,0.083203153,1.61084873,,0.832469638
35,New Mexico,Total,Total,2012,0.135587762,0.08067804,1.617290553,0.052683143,0.827780584
35,New Mexico,Total,Total,2013,0.129522551,0.074942419,1.684467135,0.053502254,0.802234759
35,New Mexico,Total,Total,2014,0.127457731,0.079729399,1.750895433,0.050807945,0.782241134
35,New Mexico,Total,Total,2015,,,,0.051411161,
35,New Mexico,Total,Total,2016,,,,,
35,New Mexico,Total,Total,2017,0.10624923,0.082417687,,,
35,New Mexico,Total,Total,2018,0.10119345,0.087110636,,0.056537789,
35,New Mexico,Total,Total,2019,0.101911925,0.084651633,,,
35,New Mexico,Total,Total,2020,0.097781978,,,,
36,New York,Total,Total,2005,0.189975237,0.172820122,1.688553958,,0.880775568
36,New York,Total,Total,2006,0.172859631,0.162075886,1.772267658,0.08624373,0.8356635
36,New York,Total,Total,2007,0.159543599,0.152600297,1.731705527,0.077158104,0.829949365
36,New York,Total,Total,2008,0.151811346,0.137348538,1.806350711,0.074191635,0.799464699
36,New York,Total,Total,2009,0.154507919,0.136835913,1.888991734,0.067510966,0.779607999
36,New York,Total,Total,2010,0.147480331,0.141366868,1.909153633,0.069764665,0.765132269
36,New York,Total,Total,2011,0.142461427,0.139261831,1.948009237,0.070463565,0.747802065
36,New York,Total,Total,2012,0.144209053,0.138972536,1.929727411,0.068306018,0.755199391
36,New York,Total,Total,2013,0.142818927,0.141466407,2.023620428,0.069412708,0.726210237
36,New York,Total,Total,2014,0.135233195,0.132959823,2.077129025,0.068671474,0.701263709
36,New York,Total,Total,2015,0.134110947,0.137061602,2.108487364,0.066133264,0.690519669
36,New York,Total,Total,2016,0.127252661,0.132136884,2.136730844,0.065959436,0.673943825
36,New York,Total,Total,2017,0.124198565,0.136363367,,0.064096846,
36,New York,Total,Total,2018,0.11957744,0.139388176,,0.066565716,
36,New York,Total,Total,2019,0.115458513,0.136535414,,,
36,New York,Total,Total,2020,0.102763944,,,,
37,North Carolina,Total,Total,2005,0.211283568,0.175603507,1.390771046,,0.989841848
37,North Carolina,Total,Total,2006,0.178282664,0.153555965,1.464500219,0.097472418,0.925959313
37,North Carolina,Total,Total,2007,0.152835903,0.133373006,1.441678316,0.082020845,0.896159589
37,North Carolina,Total,Total,2008,0.134154575,0.104581915,1.544107986,0.073815348,0.844065812
37,North Carolina,Total,Total,2009,0.133918658,0.097009746,1.691892923,0.060875953,0.806376932
37,North Carolina,Total,Total,2010,0.131234015,0.094325207,1.663275404,0.061124401,0.810023178
37,North Carolina,Total,Total,2011,0.123702887,0.090602295,1.668238786,0.060793669,0.798243729
37,North Carolina,Total,Total,2012,0.123639666,0.089379163,1.671311025,0.057966547,0.797379919
37,North Carolina,Total,Total,2013,0.127126017,0.092031807,1.815875924,0.059276176,0.76467107
37,North Carolina,Total,Total,2014,0.130064645,0.094594854,1.902843753,0.060711901,0.744919108
37,North Carolina,Total,Total,2015,0.125896024,0.099794191,1.90665066,0.063461272,0.7385088
37,North Carolina,Total,Total,2016,0.126524922,0.103665384,1.894701741,0.065279942,0.742597792
37,North Carolina,Total,Total,2017,0.122180431,0.10914244,,0.068501521,
37,North Carolina,Total,Total,2018,0.117687089,0.111610766,,0.070978957,
37,North Carolina,Total,Total,2019,0.113319447,0.112041437,,,
37,North Carolina,Total,Total,2020,0.099524966,,,,
38,North Dakota,Total,Total,2005,,,,,
38,North Dakota,Total,Total,2006,,,,,
38,North Dakota,Total,Total,2007,,,,,
38,North Dakota,Total,Total,2008,,,,,
38,North Dakota,Total,Total,2009,,,,,
38,North Dakota,Total,Total,2010,,,,,
38,North Dakota,Total,Total,2011,,,,,
38,North Dakota,Total,Total,2012,,,,,
38,North Dakota,Total,Total,2013,,,,,
38,North Dakota,Total,Total,2014,,,,,
38,North Dakota,Total,Total,2015,,,,,
38,North Dakota,Total,Total,2016,,,,,
38,North Dakota,Total,Total,2017,0.135940661,0.133520191,,,
38,North Dakota,Total,Total,2018,0.131208561,0.148796961,,0.058897674,
38,North Dakota,Total,Total,2019,0.141510823,0.126105225,,,
38,North Dakota,Total,Total,2020,0.132848747,,,,
39,Ohio,Total,Total,2005,0.190997713,0.110753255,1.324933837,,0.979330619
39,Ohio,Total,Total,2006,0.169208457,0.098569724,1.450160834,0.066686712,0.917127639
39,Ohio,Total,Total,2007,0.149035506,0.088544223,1.418676225,0.059432017,0.896349582
39,Ohio,Total,Total,2008,0.125068666,0.073154268,1.476399573,0.055206453,0.84726372
39,Ohio,Total,Total,2009,0.115911563,0.068393366,1.654467411,0.046241014,0.790637574
39,Ohio,Total,Total,2010,0.11292255,0.0686088,1.671897967,0.046737752,0.782044755
39,Ohio,Total,Total,2011,0.108582156,0.068637777,1.72744858,0.047019565,0.762041987
39,Ohio,Total,Total,2012,0.108195816,0.067841824,1.702876485,0.046117023,0.767610356
39,Ohio,Total,Total,2013,0.10615454,0.065079085,1.852528583,0.046197533,0.726790169
39,Ohio,Total,Total,2014,0.106290888,0.06455394,1.898513712,0.045889479,0.714924398
39,Ohio,Total,Total,2015,0.101623596,0.064652314,1.956205792,0.044951031,0.693362069
39,Ohio,Total,Total,2016,0.098639983,0.065581548,1.979915812,0.044959912,0.683061635
39,Ohio,Total,Total,2017,0.09474966,0.06940174,,0.046874245,
39,Ohio,Total,Total,2018,0.092524973,0.072265789,,0.0493376,
39,Ohio,Total,Total,2019,0.088940864,0.072221129,,,
39,Ohio,Total,Total,2020,0.07917591,,,,
40,Oklahoma,Total,Total,2005,0.22100267,0.167953701,1.210259458,,1.050223115
40,Oklahoma,Total,Total,2006,0.191302792,0.148716365,1.32150131,0.091108453,0.980628309
40,Oklahoma,Total,Total,2007,0.175656393,0.135485062,1.326041878,0.078158263,0.957436188
40,Oklahoma,Total,Total,2008,0.15332523,0.120333303,1.339922955,0.072921723,0.921732942
40,Oklahoma,Total,Total,2009,0.13790009,0.099204535,1.546400868,0.06381618,0.848845431
40,Oklahoma,Total,Total,2010,0.135976622,0.100240855,1.589402708,0.056991946,0.835363874
40,Oklahoma,Total,Total,2011,0.141168933,0.104688575,1.680186586,0.059701723,0.819308537
40,Oklahoma,Total,Total,2012,0.137369197,0.102440182,1.5729977,0.059565651,0.841447534
40,Oklahoma,Total,Total,2013,0.135099521,0.101110398,1.741688946,0.060438638,0.794985923
40,Oklahoma,Total,Total,2014,0.132669528,0.099634185,1.696981083,0.058611895,0.803349657
40,Oklahoma,Total,Total,2015,0.125199787,0.096175982,1.836877828,0.058394382,0.756508332
40,Oklahoma,Total,Total,2016,0.112719658,0.094592127,1.814180593,0.057456207,0.745705399
40,Oklahoma,Total,Total,2017,0.109162832,0.098974491,,0.057981651,
40,Oklahoma,Total,Total,2018,0.10909227,0.11093247,,0.059508152,
40,Oklahoma,Total,Total,2019,0.107776229,0.111347796,,,
40,Oklahoma,Total,Total,2020,0.098427903,,,,
41,Oregon,Total,Total,2005,0.286151158,0.235663547,1.250634381,,1.125096226
41,Oregon,Total,Total,2006,0.228870127,0.204555689,1.362251497,0.105558979,1.020726741
41,Oregon,Total,Total,2007,0.197417417,0.176605684,1.335883247,0.08610345,0.985423994
41,Oregon,Total,Total,2008,0.163491459,0.136623621,1.451916958,0.076349912,0.908694773
41,Oregon,Total,Total,2009,0.158267689,0.120805545,1.631976113,0.061861564,0.855044695
41,Oregon,Total,Total,2010,0.158077237,0.121172923,1.593379221,0.059741567,0.864917582
41,Oregon,Total,Total,2011,0.158730701,0.12001438,1.631170006,0.060783805,0.855878703
41,Oregon,Total,Total,2012,0.160625543,0.118543186,1.630646,0.058335267,0.858554992
41,Oregon,Total,Total,2013,0.16394221,0.123238736,1.680874611,0.060254644,0.849498976
41,Oregon,Total,Total,2014,0.16884983,0.127496566,1.850166568,0.060767081,0.808447034
41,Oregon,Total,Total,2015,0.1588288,0.136834776,1.847510941,0.064585828,0.796801647
41,Oregon,Total,Total,2016,0.157609297,0.139267321,1.90383993,0.067785348,0.779156204
41,Oregon,Total,Total,2017,0.155603122,0.143859543,,0.067629796,
41,Oregon,Total,Total,2018,0.1528607,0.151223635,,0.072247316,
41,Oregon,Total,Total,2019,0.146069423,0.135688878,,,
41,Oregon,Total,Total,2020,0.134670129,,,,
42,Pennsylvania,Total,Total,2005,0.197913103,0.120811342,1.41171554,,0.96638666
42,Pennsylvania,Total,Total,2006,0.170275754,0.106659769,1.52081472,0.06829194,0.90041156
42,Pennsylvania,Total,Total,2007,0.16276747,0.101170517,1.494945712,0.060289973,0.896758727
42,Pennsylvania,Total,Total,2008,0.142806477,0.08300637,1.556640879,0.057236006,0.853224462
42,Pennsylvania,Total,Total,2009,0.135648653,0.075638331,1.719776548,0.047574154,0.801479489
42,Pennsylvania,Total,Total,2010,0.134806935,0.076767187,1.722123821,0.046017708,0.799725504
42,Pennsylvania,Total,Total,2011,0.130887953,0.076848754,1.766589749,0.047390166,0.782761831
42,Pennsylvania,Total,Total,2012,0.132971506,0.078294882,1.757606042,0.047100162,0.787930153
42,Pennsylvania,Total,Total,2013,0.128380858,0.076680988,1.868590542,0.047922846,0.752132665
42,Pennsylvania,Total,Total,2014,0.128356796,0.076358782,1.955487642,0.047019145,0.728080718
42,Pennsylvania,Total,Total,2015,0.123910159,0.078147329,1.994530326,0.048130047,0.711483318
42,Pennsylvania,Total,Total,2016,0.117220064,0.077443178,2.079023378,0.047521722,0.679012159
42,Pennsylvania,Total,Total,2017,0.115279188,0.082548454,,0.048727966,
42,Pennsylvania,Total,Total,2018,0.113203724,0.087290587,,0.051470801,
42,Pennsylvania,Total,Total,2019,0.108093665,0.086900559,,,
42,Pennsylvania,Total,Total,2020,0.097759992,,,,
44,Rhode Island,Total,Total,2005,,,,,
44,Rhode Island,Total,Total,2006,,,,,
44,Rhode Island,Total,Total,2007,,,,,
44,Rhode Island,Total,Total,2008,,,,,
44,Rhode Island,Total,Total,2009,,,,,
44,Rhode Island,Total,Total,2010,,,,,
44,Rhode Island,Total,Total,2011,,,,,
44,Rhode Island,Total,Total,2012,,,,,
44,Rhode Island,Total,Total,2013,,,,,
44,Rhode Island,Total,Total,2014,0.168994628,0.104267683,1.965167724,,0.774723893
44,Rhode Island,Total,Total,2015,,,,0.051886124,
44,Rhode Island,Total,Total,2016,,,,,
44,Rhode Island,Total,Total,2017,0.147485899,0.116418626,,,
44,Rhode Island,Total,Total,2018,0.13772572,0.133328672,,0.059515507,
44,Rhode Island,Total,Total,2019,0.144967242,0.114880574,,,
44,Rhode Island,Total,Total,2020,0.132664437,,,,
45,South Carolina,Total,Total,2005,0.218911414,0.17170357,1.327051684,,1.016929382
45,South Carolina,Total,Total,2006,0.178422894,0.148651387,1.443615183,0.095359119,0.931548642
45,South Carolina,Total,Total,2007,0.148946322,0.126437014,1.411104786,0.081788469,0.898070064
45,South Carolina,Total,Total,2008,0.124933635,0.098719451,1.47687011,0.070683156,0.84695098
45,South Carolina,Total,Total,2009,0.120082879,0.085862961,1.600520305,0.057969025,0.809929956
45,South Carolina,Total,Total,2010,0.122370937,0.084216903,1.666647029,0.055818978,0.7967704
45,South Carolina,Total,Total,2011,0.121842822,0.083326306,1.664410177,0.054994228,0.79658761
45,South Carolina,Total,Total,2012,0.122092486,0.084008959,1.691153458,0.055056452,0.79019512
45,South Carolina,Total,Total,2013,0.124928865,0.087551007,1.824070605,0.057996934,0.759565586
45,South Carolina,Total,Total,2014,0.128209562,0.092233691,1.932070753,0.058318021,0.734443723
45,South Carolina,Total,Total,2015,0.119414403,0.092540012,1.912223206,0.064979633,0.728585284
45,South Carolina,Total,Total,2016,0.107482114,0.090601634,1.967525106,0.0609878,0.698000766
45,South Carolina,Total,Total,2017,0.111235609,0.100831105,,0.062407916,
45,South Carolina,Total,Total,2018,0.10878491,0.10526821,,0.068470914,
45,South Carolina,Total,Total,2019,0.101944939,0.102413923,,,
45,South Carolina,Total,Total,2020,0.088253495,,,,
46,South Dakota,Total,Total,2005,,,,,
46,South Dakota,Total,Total,2006,,,,,
46,South Dakota,Total,Total,2007,,,,,
46,South Dakota,Total,Total,2008,,,,,
46,South Dakota,Total,Total,2009,,,,,
46,South Dakota,Total,Total,2010,,,,,
46,South Dakota,Total,Total,2011,,,,,
46,South Dakota,Total,Total,2012,,,,,
46,South Dakota,Total,Total,2013,,,,,
46,South Dakota,Total,Total,2014,,,,,
46,South Dakota,Total,Total,2015,,,,,
46,South Dakota,Total,Total,2016,,,,,
46,South Dakota,Total,Total,2017,0.135493718,0.132207848,,,
46,South Dakota,Total,Total,2018,0.129408125,0.142824952,,0.059390453,
46,South Dakota,Total,Total,2019,0.145272467,0.12626334,,,
46,South Dakota,Total,Total,2020,0.147368421,,,,
47,Tennessee,Total,Total,2005,0.224799957,0.139741618,1.117528076,,1.079151197
47,Tennessee,Total,Total,2006,0.188589502,0.126331017,1.207993759,0.089162567,1.005158767
47,Tennessee,Total,Total,2007,0.164208573,0.111776314,1.191204348,0.077625715,0.973382921
47,Tennessee,Total,Total,2008,0.138728923,0.08560346,1.246656069,0.069980254,0.921732409
47,Tennessee,Total,Total,2009,0.142630961,0.082857346,1.3803408,0.056545441,0.896254396
47,Tennessee,Total,Total,2010,0.142305616,0.082938506,1.427723562,0.058936208,0.884356027
47,Tennessee,Total,Total,2011,0.119012759,0.08002449,1.534692082,0.058497454,0.824345808
47,Tennessee,Total,Total,2012,0.123618563,0.07747256,1.454137102,0.057191963,0.850392975
47,Tennessee,Total,Total,2013,0.12514173,0.078175765,1.65248817,0.057371679,0.804234641
47,Tennessee,Total,Total,2014,0.122936919,0.078685591,1.730056464,0.056771569,0.781445024
47,Tennessee,Total,Total,2015,0.118150915,0.080152689,1.788730791,0.058605458,0.759724491
47,Tennessee,Total,Total,2016,0.115763914,0.08177839,1.780699262,0.059676196,0.758536326
47,Tennessee,Total,Total,2017,0.111783594,0.085618901,,0.061080866,
47,Tennessee,Total,Total,2018,0.10837154,0.091455072,,0.063484382,
47,Tennessee,Total,Total,2019,0.103402076,0.089278733,,,
47,Tennessee,Total,Total,2020,0.092547213,,,,
48,Texas,Total,Total,2005,0.198776811,0.153388407,1.328365588,,0.989230116
48,Texas,Total,Total,2006,0.174961746,0.140481978,1.398952291,0.100221624,0.938158503
48,Texas,Total,Total,2007,0.160274442,0.129582167,1.429344941,0.089314195,0.90982432
48,Texas,Total,Total,2008,0.138852894,0.107556699,1.478552808,0.08524138,0.866954639
48,Texas,Total,Total,2009,0.134538088,0.100948477,1.618545992,0.071335675,0.82599374
48,Texas,Total,Total,2010,0.133355536,0.104698639,1.653150291,0.071727908,0.815552501
48,Texas,Total,Total,2011,0.133806014,0.108026206,1.655577492,0.075459881,0.815557567
48,Texas,Total,Total,2012,0.130749993,0.105024133,1.642903567,0.075411689,0.814526155
48,Texas,Total,Total,2013,0.132887955,0.107193032,1.796750018,0.074943832,0.777424951
48,Texas,Total,Total,2014,0.131777832,0.108895703,1.863932668,0.076256868,0.757817492
48,Texas,Total,Total,2015,0.124258601,0.108372549,1.937540642,0.078032663,0.727884568
48,Texas,Total,Total,2016,0.117484517,0.109817832,1.989297112,0.07703722,0.704859368
48,Texas,Total,Total,2017,0.117491198,0.114870777,,0.079331676,
48,Texas,Total,Total,2018,0.116860834,0.122283029,,0.082879927,
48,Texas,Total,Total,2019,0.112023403,0.118199547,,,
48,Texas,Total,Total,2020,0.100750293,,,,
49,Utah,Total,Total,2005,0.229854104,0.274360088,1.48831554,,0.987321404
49,Utah,Total,Total,2006,0.19278506,0.263234273,1.532465774,0.140464945,0.92741819
49,Utah,Total,Total,2007,0.161848112,0.225195227,1.471922748,0.12587141,0.901332906
49,Utah,Total,Total,2008,0.129233017,0.166089066,1.542305085,0.104828709,0.837425488
49,Utah,Total,Total,2009,0.123431412,0.147718623,1.715974671,0.086450725,0.785738918
49,Utah,Total,Total,2010,0.128239414,0.145135789,1.765591665,0.083360689,0.779456466
49,Utah,Total,Total,2011,0.130595469,0.14564466,1.721194647,0.081806631,0.794240943
49,Utah,Total,Total,2012,0.114284889,0.138677881,1.736599445,0.081733958,0.767762895
49,Utah,Total,Total,2013,0.109833732,0.141114838,1.838452904,0.078385079,0.735462948
49,Utah,Total,Total,2014,0.110532587,0.145290289,1.877302924,0.080034572,0.726216398
49,Utah,Total,Total,2015,0.108645143,0.150544883,1.932186667,0.080993318,0.709078664
49,Utah,Total,Total,2016,0.108539945,0.155430808,1.910707071,0.083435808,0.714689654
49,Utah,Total,Total,2017,0.107665897,0.163815904,,0.085653297,
49,Utah,Total,Total,2018,0.109046996,0.171806377,,0.091702524,
49,Utah,Total,Total,2019,0.107321198,0.166252958,,,
49,Utah,Total,Total,2020,0.105902606,,,,
50,Vermont,Total,Total,2005,,,,,
50,Vermont,Total,Total,2006,,,,,
50,Vermont,Total,Total,2007,,,,,
50,Vermont,Total,Total,2008,,,,,
50,Vermont,Total,Total,2009,,,,,
50,Vermont,Total,Total,2010,,,,,
50,Vermont,Total,Total,2011,,,,,
50,Vermont,Total,Total,2012,,,,,
50,Vermont,Total,Total,2013,,,,,
50,Vermont,Total,Total,2014,,,,,
50,Vermont,Total,Total,2015,,,,,
50,Vermont,Total,Total,2016,,,,,
50,Vermont,Total,Total,2017,0.128775246,0.111316838,,,
50,Vermont,Total,Total,2018,0.110976165,0.117080265,,0.043779965,
50,Vermont,Total,Total,2019,0.128159168,0.114585353,,,
50,Vermont,Total,Total,2020,0.121597738,,,,
51,Virginia,Total,Total,2005,0.214307907,0.182061619,1.445432609,,0.979150957
51,Virginia,Total,Total,2006,0.173800943,0.154605488,1.567750842,0.099070961,0.892836937
51,Virginia,Total,Total,2007,0.151739908,0.13355696,1.571081185,0.079746337,0.862007496
51,Virginia,Total,Total,2008,0.126965342,0.105457385,1.617921858,0.072318264,0.815475142
51,Virginia,Total,Total,2009,0.121569743,0.097086313,1.810176669,0.058851458,0.758747596
51,Virginia,Total,Total,2010,0.125273408,0.096364532,1.830538302,0.057013194,0.7582998
51,Virginia,Total,Total,2011,0.118341102,0.094961768,1.822854356,0.059323059,0.751064427
51,Virginia,Total,Total,2012,0.115454894,0.09572295,1.852009704,0.057766135,0.739499737
51,Virginia,Total,Total,2013,0.113843074,0.095099296,1.989887812,0.059246917,0.700061234
51,Virginia,Total,Total,2014,0.114778234,0.09661902,2.051474695,0.058297742,0.683917652
51,Virginia,Total,Total,2015,0.110088984,0.096318882,2.075431377,0.060803636,0.671259663
51,Virginia,Total,Total,2016,0.104341294,0.094136745,2.069125047,0.058638366,0.665867151
51,Virginia,Total,Total,2017,0.102528211,0.098657933,,0.058610228,
51,Virginia,Total,Total,2018,0.098742044,0.100549493,,0.061469943,
51,Virginia,Total,Total,2019,0.096226265,0.099091807,,,
51,Virginia,Total,Total,2020,0.085421444,,,,
53,Washington,Total,Total,2005,0.296199948,0.236555514,1.215621114,,1.147599197
53,Washington,Total,Total,2006,0.251234922,0.205972512,1.317876801,0.11385192,1.061900477
53,Washington,Total,Total,2007,0.221216307,0.183406956,1.258292106,0.094757579,1.038081111
53,Washington,Total,Total,2008,0.191008501,0.143472548,1.363750664,0.085114863,0.969427204
53,Washington,Total,Total,2009,0.179271832,0.12229607,1.550315376,0.06902,0.904765652
53,Washington,Total,Total,2010,0.179827359,0.125436946,1.551878551,0.065038846,0.90508908
53,Washington,Total,Total,2011,0.174923937,0.124644279,1.603077284,0.069398806,0.884901829
53,Washington,Total,Total,2012,0.175135699,0.121631571,1.555427753,0.066103312,0.897886965
53,Washington,Total,Total,2013,0.178227931,0.12533054,1.763665558,0.067478043,0.844814506
53,Washington,Total,Total,2014,0.186364367,0.131430949,1.795113415,0.069513196,0.845819122
53,Washington,Total,Total,2015,0.181243962,0.136187425,1.8421628,0.073562495,0.825873902
53,Washington,Total,Total,2016,0.174648322,0.139730226,1.890141621,0.073832438,0.803815769
53,Washington,Total,Total,2017,0.171835061,0.143991361,,0.075656623,
53,Washington,Total,Total,2018,0.168105696,0.154229161,,0.081128503,
53,Washington,Total,Total,2019,0.154093576,0.14281225,,,
53,Washington,Total,Total,2020,0.139126167,,,,
54,West Virginia,Total,Total,2005,,,,,
54,West Virginia,Total,Total,2006,,,,,
54,West Virginia,Total,Total,2007,,,,,
54,West Virginia,Total,Total,2008,,,,,
54,West Virginia,Total,Total,2009,,,,,
54,West Virginia,Total,Total,2010,,,,,
54,West Virginia,Total,Total,2011,,,,,
54,West Virginia,Total,Total,2012,,,,,
54,West Virginia,Total,Total,2013,,,,,
54,West Virginia,Total,Total,2014,,,,,
54,West Virginia,Total,Total,2015,,,,,
54,West Virginia,Total,Total,2016,,,,,
54,West Virginia,Total,Total,2017,0.104073715,0.059053255,,,
54,West Virginia,Total,Total,2018,0.101845217,0.063016442,,0.044667691,
54,West Virginia,Total,Total,2019,0.102869846,0.056803376,,,
54,West Virginia,Total,Total,2020,0.096866624,,,,
55,Wisconsin,Total,Total,2005,0.210376463,0.14388318,1.226558588,,1.031344813
55,Wisconsin,Total,Total,2006,0.180842127,0.123510687,1.342626614,0.076065511,0.960630967
55,Wisconsin,Total,Total,2007,0.156034757,0.104976585,1.343698677,0.063004676,0.924790355
55,Wisconsin,Total,Total,2008,0.132295931,0.086509545,1.355714871,0.054587711,0.886614718
55,Wisconsin,Total,Total,2009,0.125653261,0.078034821,1.628043822,0.046229928,0.81108583
55,Wisconsin,Total,Total,2010,0.117785982,0.076250225,1.622575443,0.045440212,0.801199182
55,Wisconsin,Total,Total,2011,0.118479246,0.075596534,1.6368637,0.045140678,0.798670085
55,Wisconsin,Total,Total,2012,0.117787998,0.07477325,1.688022929,0.043683053,0.784937263
55,Wisconsin,Total,Total,2013,0.122635959,0.076297502,1.76001829,0.04457711,0.773298976
55,Wisconsin,Total,Total,2014,0.124228655,0.077005664,1.860269048,0.045883576,0.748949019
55,Wisconsin,Total,Total,2015,0.119406173,0.077626221,1.876885356,0.046272733,0.738127031
55,Wisconsin,Total,Total,2016,0.118001268,0.077399756,1.982168945,0.045640564,0.707504568
55,Wisconsin,Total,Total,2017,0.113303845,0.080515548,,0.04610173,
55,Wisconsin,Total,Total,2018,0.107642032,0.083944536,,0.048763222,
55,Wisconsin,Total,Total,2019,0.107467205,0.080481805,,,
55,Wisconsin,Total,Total,2020,0.097540078,,,,
56,Wyoming,Total,Total,2005,,,,,
56,Wyoming,Total,Total,2006,,,,,
56,Wyoming,Total,Total,2007,,,,,
56,Wyoming,Total,Total,2008,,,,,
56,Wyoming,Total,Total,2009,,,,,
56,Wyoming,Total,Total,2010,,,,,
56,Wyoming,Total,Total,2011,,,,,
56,Wyoming,Total,Total,2012,,,,,
56,Wyoming,Total,Total,2013,,,,,
56,Wyoming,Total,Total,2014,,,,,
56,Wyoming,Total,Total,2015,,,,,
56,Wyoming,Total,Total,2016,,,,,
56,Wyoming,Total,Total,2017,0.080742141,0.24355234,,,
56,Wyoming,Total,Total,2018,0.081994713,0.279258519,,0.090972442,
56,Wyoming,Total,Total,2019,0.085942492,0.278872553,,,
56,Wyoming,Total,Total,2020,0.079699062,,,,
0,United States,Total,Total,2005,0.20653889,0.175357324,1.434513863,,0.971871248
0,United States,Total,Total,2006,0.175284929,0.154807338,1.517955334,0.097921327,0.907955924
0,United States,Total,Total,2007,0.154705383,0.136371661,1.504263111,0.083545979,0.883148678
0,United States,Total,Total,2008,0.134852544,0.11192593,1.573236627,0.075675082,0.837824018
0,United States,Total,Total,2009,0.131064782,0.103840797,1.727148689,0.064573226,0.793332957
0,United States,Total,Total,2010,0.129710616,0.104823242,1.748410881,0.063573653,0.785946687
0,United States,Total,Total,2011,0.127152444,0.105089962,1.765152091,0.065272101,0.778102318
0,United States,Total,Total,2012,0.127038232,0.104281288,1.750221762,0.06415455,0.781846349
0,United States,Total,Total,2013,0.128247008,0.105978374,1.87676567,0.065105275,0.749731711
0,United States,Total,Total,2014,0.126626863,0.106081348,1.943556735,0.065886983,0.729230872
0,United States,Total,Total,2015,0.123198772,0.108455977,1.984098211,0.066897932,0.713536175
0,United States,Total,Total,2016,0.116345549,0.107188207,2.009711977,0.066332728,0.697699522
0,United States,Total,Total,2017,0.114033537,0.111970828,,0.066514791,
0,United States,Total,Total,2018,0.110887917,0.118553969,,0.070148621,
0,United States,Total,Total,2019,0.106920606,0.114141952,,,
0,United States,Total,Total,2020,0.094112312,,,,
